Page_UUID	Path	Internal_Title	Page_Family	Status	SEO_Title	SEO_Description	Robots_Directive
PG-root	/	Home	Home	Draft	Genedrift — Global Regulatory Affairs & Pharmacovigilance		Index Follow
PG-explore	/explore	Explore	Hub	Draft	Explore — Genedrift	Start with the problem, not our service names.	Index Follow
PG-expertise	/expertise	Expertise	Hub	Draft	Expertise — Genedrift	Regulatory Affairs, Pharmacovigilance and local representation,	Index Follow
PG-client-success	/client-success	Client Success	Hub	Draft	Client impact — Genedrift	Work our clients let us talk about.	Index Follow
PG-company	/company	Company	Hub	Draft	Company — Genedrift	A long-term regulatory partner,	Index Follow
PG-explore-business-needs	/explore/business-needs	Business Needs	Detail	Draft	Business Needs — Genedrift	Business Needs	Index Follow
PG-explore-guided-journeys	/explore/guided-journeys	Guided Journeys	Detail	Draft	Guided Journeys — Genedrift	Guided Journeys	Index Follow
PG-explore-questionnaire	/explore/questionnaire	Questionnaire	Detail	Draft	Questionnaire — Genedrift	Questionnaire	Index Follow
PG-expertise-regulatory-affairs	/expertise/regulatory-affairs	Regulatory Affairs	Detail	Draft	Regulatory Affairs — Genedrift	Regulatory Affairs	Index Follow
PG-expertise-pharmacovigilance	/expertise/pharmacovigilance	Pharmacovigilance	Detail	Draft	Pharmacovigilance — Genedrift	Pharmacovigilance	Index Follow
PG-expertise-mah-local-representation	/expertise/mah-local-representation	MAH & Local Representation	Detail	Draft	MAH & Local Representation — Genedrift	MAH & Local Representation	Index Follow
PG-expertise-regulatory-intelligence	/expertise/regulatory-intelligence	Regulatory Intelligence	Detail	Draft	Regulatory Intelligence — Genedrift	Regulatory Intelligence	Index Follow
PG-expertise-managed-services	/expertise/managed-services	Managed Services	Detail	Draft	Managed Services — Genedrift	Managed Services	Index Follow
PG-expertise-dedicated-teams	/expertise/dedicated-teams	Dedicated Teams	Detail	Draft	Dedicated Teams — Genedrift	Dedicated Teams	Index Follow
PG-company-about	/company/about	About	Detail	Draft	About — Genedrift	About	Index Follow
PG-company-leadership	/company/leadership	Leadership	Detail	Draft	Leadership — Genedrift	Leadership	Index Follow
PG-company-operating-model	/company/operating-model	Operating Model	Detail	Draft	Operating Model — Genedrift	Operating Model	Index Follow
PG-company-quality-compliance	/company/quality-compliance	Quality & Compliance	Detail	Draft	Quality & Compliance — Genedrift	Quality & Compliance	Index Follow
PG-markets	/markets	Markets	Hub	Draft	Markets — Genedrift	Forty-six markets across six regions.	Index Follow
PG-global-presence	/global-presence	Global presence	Hub	Draft	Global presence — Genedrift	Search 46 markets and see which services are available in each.	Index Follow
PG-careers	/careers	Careers	Hub	Draft	Careers — Genedrift	Regulatory and pharmacovigilance roles, in-house.	Index Follow
